Country Name,Country Code,Indicator Name,Indicator Code,2010,2011,2012,2013,2014,2015,2016,2017,2018,2019,2020,2021,2022
Aruba,ABW,GDP growth (annual %),NY.GDP.MKTP.KD.ZG,-2.732595966,3.366778149,-1.035375324,6.429816914,-0.020479214,3.54362966,2.116716123,5.482371174,5.257855673,0.635029268,-18.58909978,17.17250851,
Africa Eastern and Southern,AFE,GDP growth (annual %),NY.GDP.MKTP.KD.ZG,5.197137339,3.700190484,0.770097317,4.229408197,4.039082193,2.895728323,2.48595245,2.639537019,2.61079684,2.038298519,-3.042653147,4.402446665,
Afghanistan,AFG,GDP growth (annual %),NY.GDP.MKTP.KD.ZG,14.36244147,0.426354785,12.75228709,5.600744658,2.724543364,1.45131466,2.260314201,2.647003202,1.189228128,3.911603419,-2.351100673,-20.73714562,
Africa Western and Central,AFW,GDP growth (annual %),NY.GDP.MKTP.KD.ZG,6.96542661,4.852048409,5.135583722,6.108757952,5.930449667,2.745137387,0.113686989,2.305623495,2.946174599,3.190878868,-0.900381895,3.965398557,
Angola,AGO,GDP growth (annual %),NY.GDP.MKTP.KD.ZG,4.859999999,3.470000001,8.540000003,4.949999998,4.819999999,0.939999999,-2.579999996,-0.15,-1.316312102,-0.699999998,-5.6,1.1,
Albania,ALB,GDP growth (annual %),NY.GDP.MKTP.KD.ZG,3.706938153,2.545406145,1.4172428,1.002017541,1.774448853,2.218726375,3.314980684,3.8022274,4.019359685,2.088063376,-3.481630373,8.515501123,
Andorra,AND,GDP growth (annual %),NY.GDP.MKTP.KD.ZG,-1.974958,-0.008069753,-4.974443719,-3.547596515,2.504465521,1.434140395,3.70967807,0.34607189,1.58876549,2.015547638,-11.18393994,8.949417981,
Arab World,ARB,GDP growth (annual %),NY.GDP.MKTP.KD.ZG,4.747810673,3.247513658,5.147833264,2.585797358,2.935539269,3.294068181,3.518252295,1.056332638,2.383924784,1.254307584,-4.79457341,3.670568259,
United Arab Emirates,ARE,GDP growth (annual %),NY.GDP.MKTP.KD.ZG,1.602850048,6.928508595,4.776625737,5.055559654,4.165691843,6.786772879,5.561490755,0.735068713,1.313913881,1.108348139,-4.957052437,3.91629608,
Argentina,ARG,GDP growth (annual %),NY.GDP.MKTP.KD.ZG,10.12539816,6.003951693,-1.026420454,2.405323781,-2.512615321,2.731159828,-2.080327844,2.818502978,-2.617396463,-2.000861003,-9.943235134,10.39824946,
Armenia,ARM,GDP growth (annual %),NY.GDP.MKTP.KD.ZG,2.2,4.699999999,7.200000001,3.3,3.600000001,3.199999999,0.2,7.500000002,5.2,7.599999999,-7.2,5.7,
American Samoa,ASM,GDP growth (annual %),NY.GDP.MKTP.KD.ZG,0.299850075,0,-4.334828102,-2.5,1.762820513,3.149606299,-1.679389313,-6.98757764,2.671118531,-0.487804878,5.065359477,-1.866251944,
Antigua and Barbuda,ATG,GDP growth (annual %),NY.GDP.MKTP.KD.ZG,-7.840594744,-1.958612628,3.3728662,-0.600876397,3.795727613,3.825293099,5.496459204,3.14432324,6.883640817,4.862236166,-20.19237057,5.27084884,
Australia,AUS,GDP growth (annual %),NY.GDP.MKTP.KD.ZG,2.20656631,2.391385132,3.902007806,2.578754288,2.579017112,2.152735906,2.730547992,2.282183642,2.883045123,2.171396224,-0.050885336,2.236212439,
Austria,AUT,GDP growth (annual %),NY.GDP.MKTP.KD.ZG,1.837093677,2.922797284,0.680445577,0.025504712,0.661272849,1.014501586,1.989437162,2.258572433,2.425385361,1.517388583,-6.453968467,4.556850913,
Azerbaijan,AZE,GDP growth (annual %),NY.GDP.MKTP.KD.ZG,5.048944513,0.100000138,2.165239475,5.809800843,2.750506815,1.093975916,-3.09999988,0.199999939,1.5,2.500000067,-4.300000102,5.600037273,
Burundi,BDI,GDP growth (annual %),NY.GDP.MKTP.KD.ZG,5.124159994,4.032599988,4.446706331,4.924189898,4.240650214,-3.90000008,-0.600000909,0.500001262,1.609935421,1.812565323,0.327156891,1.7953,
Belgium,BEL,GDP growth (annual %),NY.GDP.MKTP.KD.ZG,2.864292708,1.694513899,0.739217283,0.459242193,1.578533143,2.041459009,1.266686409,1.619580278,1.792945193,2.24085824,-5.361386633,6.133865964,
Benin,BEN,GDP growth (annual %),NY.GDP.MKTP.KD.ZG,2.114064726,2.963752919,4.811223316,7.191433721,6.357679098,1.77815106,3.339673426,5.671555469,6.697259461,6.865687336,3.848523092,7.155729529,
Burkina Faso,BFA,GDP growth (annual %),NY.GDP.MKTP.KD.ZG,8.446281577,6.622562613,6.45267238,5.792584845,4.326845615,3.921228794,5.957976708,6.203489411,6.604569068,5.688115149,1.93032489,6.906341673,
Bangladesh,BGD,GDP growth (annual %),NY.GDP.MKTP.KD.ZG,5.571788188,6.464379123,6.521458781,6.013605658,6.061059359,6.552639879,7.113478213,6.590249998,7.31941263,7.881915151,3.448021455,6.938675089,
Bulgaria,BGR,GDP growth (annual %),NY.GDP.MKTP.KD.ZG,1.541801443,2.10120575,0.754930386,-0.560493966,0.966869032,3.428054914,3.039825276,2.76217096,2.684760587,4.038142206,-3.958614598,7.634609716,
Bahrain,BHR,GDP growth (annual %),NY.GDP.MKTP.KD.ZG,4.334299173,1.983515012,3.72810843,5.41683981,4.350390853,2.485378558,3.558128119,4.290949778,2.111130473,2.166964669,-4.935854979,2.225351242,
"Bahamas, The",BHS,GDP growth (annual %),NY.GDP.MKTP.KD.ZG,1.538385972,0.613384158,3.086879177,-2.863293945,1.84730294,0.996800846,-0.857664319,3.050157348,1.831007794,1.896163703,-23.82260759,13.71973494,
Bosnia and Herzegovina,BIH,GDP growth (annual %),NY.GDP.MKTP.KD.ZG,0.86566926,0.959511247,-0.821836474,2.349856663,1.153851092,3.089162709,3.149807309,3.171434907,3.740073101,2.831001308,-3.119290515,7.54559113,
Belarus,BLR,GDP growth (annual %),NY.GDP.MKTP.KD.ZG,7.798266823,5.37870745,1.687135536,1.003470841,1.726384854,-3.829570558,-2.526446436,2.5321835,3.149197594,1.4,-0.699607614,2.299879412,
Belize,BLZ,GDP growth (annual %),NY.GDP.MKTP.KD.ZG,1.25634857,-0.105596621,3.858350951,4.529262087,4.089581305,3.367633302,0.113122172,-1.694915254,1.103448276,4.502046385,-13.40295909,15.22613065,
Bermuda,BMU,GDP growth (annual %),NY.GDP.MKTP.KD.ZG,-2.502878289,-3.742744317,-5.305299107,-0.279708545,-3.701067594,0.7755297,-0.657206304,3.611419837,-0.4328013,0.306266735,-6.837955191,5.41353381,
Bolivia,BOL,GDP growth (annual %),NY.GDP.MKTP.KD.ZG,4.126722591,5.204092443,5.122275581,6.796011428,5.460569506,4.8571873,4.263920838,4.195206301,4.223623511,2.216705778,-8.737884434,6.105804225,
Brazil,BRA,GDP growth (annual %),NY.GDP.MKTP.KD.ZG,7.528225818,3.974423079,1.921175986,3.004822669,0.50395574,-3.545763393,-3.275916908,1.322869054,1.783666762,1.220777824,-3.878676334,4.619421621,
Barbados,BRB,GDP growth (annual %),NY.GDP.MKTP.KD.ZG,-2.365164703,-0.687779068,-0.432679127,-1.447406818,-0.087262953,2.472619872,2.533024882,0.456290513,-1.0271391,-0.131147253,-13.31102153,-0.189272866,
Brunei Darussalam,BRN,GDP growth (annual %),NY.GDP.MKTP.KD.ZG,2.598965746,3.745318352,0.912841671,-2.126028517,-2.508352566,-0.39238375,-2.477917718,1.328602552,0.052237791,3.869109865,1.13357335,-1.59076248,
Bhutan,BTN,GDP growth (annual %),NY.GDP.MKTP.KD.ZG,11.945896,7.982617041,5.118400858,2.119972633,5.77649568,6.642232105,8.127033538,4.651834675,3.055129837,5.755169993,-10.00969926,4.087618798,
Botswana,BWA,GDP growth (annual %),NY.GDP.MKTP.KD.ZG,10.12220912,6.838529748,-0.170900761,11.10282378,5.69696454,-4.850991817,7.201819029,4.113056143,4.189834074,3.032598741,-8.726408626,11.37002186,
Central African Republic,CAF,GDP growth (annual %),NY.GDP.MKTP.KD.ZG,4.630818432,4.194615337,5.053761254,-36.3919771,0.081070515,4.33712103,4.750316841,4.527278213,3.789443593,3.1,0.899999997,0.900000007,
Canada,CAN,GDP growth (annual %),NY.GDP.MKTP.KD.ZG,3.08949462,3.146881372,1.762222549,2.329122506,2.870036075,0.659176864,1.001394414,3.039880225,2.777040554,1.879592028,-5.233024303,4.540887309,
Central Europe and the Baltics,CEB,GDP growth (annual %),NY.GDP.MKTP.KD.ZG,1.437277017,3.515458857,0.826293466,0.663807759,3.21502366,4.0273672,2.74968076,5.104920308,4.940207795,3.939767116,-3.393758866,6.147437185,
Switzerland,CHE,GDP growth (annual %),NY.GDP.MKTP.KD.ZG,3.243397336,1.813108192,1.179253833,1.792144057,2.349881275,1.644627687,2.068689667,1.362799557,2.860445795,1.141982325,-2.37556328,4.221716577,
Channel Islands,CHI,GDP growth (annual %),NY.GDP.MKTP.KD.ZG,,,,,,,,,,,,,
Chile,CHL,GDP growth (annual %),NY.GDP.MKTP.KD.ZG,5.851651022,6.223896785,6.155340019,3.308508247,1.792649471,2.1519425,1.753038749,1.357695373,3.990029478,0.770539584,-5.978224062,11.6682247,
China,CHN,GDP growth (annual %),NY.GDP.MKTP.KD.ZG,10.63587106,9.550832179,7.863736449,7.766150098,7.425763656,7.041328879,6.848762205,6.947200793,6.749773833,5.950500754,2.239701857,8.109792581,
Cote d'Ivoire,CIV,GDP growth (annual %),NY.GDP.MKTP.KD.ZG,6.848049401,-5.370447241,7.620411763,10.76021313,9.371999942,7.194090645,7.179207824,7.359638088,6.89028432,6.231709513,1.978821183,7.03796,
Cameroon,CMR,GDP growth (annual %),NY.GDP.MKTP.KD.ZG,2.899024724,3.379211288,4.625978719,4.995529159,5.719818144,5.666952991,4.535794236,3.541176549,3.95551424,3.475059979,0.259932916,3.649916886,
"Congo, Dem. Rep.",COD,GDP growth (annual %),NY.GDP.MKTP.KD.ZG,7.107976576,6.87467089,7.086898947,8.481956636,9.470288097,6.91616712,2.399398914,3.726947653,5.8211211,4.384528881,1.735422764,6.200154011,
"Congo, Rep.",COG,GDP growth (annual %),NY.GDP.MKTP.KD.ZG,9.931265431,2.205919363,9.947153143,-0.712434452,6.716679334,-3.550581765,-10.78323827,-4.382530946,-4.805351558,-0.086885958,-6.239319632,-2.200002606,
Colombia,COL,GDP growth (annual %),NY.GDP.MKTP.KD.ZG,4.494658971,6.947891982,3.912635767,5.13399352,4.499030001,2.955901375,2.087382502,1.359360868,2.564324283,3.186855392,-7.048151208,10.67701307,
Comoros,COM,GDP growth (annual %),NY.GDP.MKTP.KD.ZG,3.77776675,4.143506695,3.168409869,4.466247315,2.106657589,1.147350761,3.320446562,3.815762877,3.642451138,1.760780239,-0.195556827,2.112195577,
Cabo Verde,CPV,GDP growth (annual %),NY.GDP.MKTP.KD.ZG,1.466790097,3.968886345,1.081918279,0.802797601,0.611212666,1.006863707,4.705791509,3.702039188,4.531161684,5.66775246,-14.78340501,6.952448694,
Costa Rica,CRI,GDP growth (annual %),NY.GDP.MKTP.KD.ZG,5.36034348,4.40315924,4.88259241,2.494766112,3.542109878,3.652080968,4.204323252,4.157698963,2.615904404,2.417511818,-4.050908171,7.579565299,
Caribbean small states,CSS,GDP growth (annual %),NY.GDP.MKTP.KD.ZG,1.316238984,1.08313696,3.183053777,1.41952809,2.139037255,0.230420846,-1.884573948,-0.429225701,1.325214265,1.265104552,-9.428371308,5.348923042,
Cuba,CUB,GDP growth (annual %),NY.GDP.MKTP.KD.ZG,2.390352297,2.802300836,3.014900289,2.747602563,1.047576632,4.438141959,0.513761468,1.809054399,2.248480393,-0.164839982,-10.94834097,1.254092864,
Curacao,CUW,GDP growth (annual %),NY.GDP.MKTP.KD.ZG,0.082306609,0.612607618,-0.065889568,-0.81168656,-1.201361725,0.290948721,-0.873007584,-1.732225675,-2.16688148,-3.371799181,-18.43847185,4.232404629,
Cayman Islands,CYM,GDP growth (annual %),NY.GDP.MKTP.KD.ZG,-2.715635262,1.169062198,1.229753657,1.27933102,2.654527985,2.833122226,3.239974339,3.184045923,4.267267452,3.87307586,-5.683975615,1.839256358,
Cyprus,CYP,GDP growth (annual %),NY.GDP.MKTP.KD.ZG,2.283544997,0.416712763,-3.447381424,-6.587482257,-1.776061912,3.418923188,6.573580202,5.733476139,5.647858201,5.529428549,-4.372474186,6.638926968,
Czechia,CZE,GDP growth (annual %),NY.GDP.MKTP.KD.ZG,2.434902159,1.760359624,-0.785004299,-0.045903674,2.262102897,5.388380838,2.53728452,5.168724304,3.22008807,3.029878663,-5.502967961,3.544223443,
Germany,DEU,GDP growth (annual %),NY.GDP.MKTP.KD.ZG,4.179882499,3.925192705,0.418497594,0.437591303,2.209543431,1.491931528,2.229999868,2.680231114,0.981232606,1.056603898,-3.696788705,2.626987267,
Djibouti,DJI,GDP growth (annual %),NY.GDP.MKTP.KD.ZG,,,,,7.061543242,7.526108919,7.123432337,5.458091517,4.774416888,5.5451306,1.202022033,4.812477383,
Dominica,DMA,GDP growth (annual %),NY.GDP.MKTP.KD.ZG,0.6726344,-0.223550688,-1.059000243,-0.999940631,4.753786581,-2.731503063,2.763647982,-6.618994633,3.547584418,5.502483437,-16.60491154,6.681925718,
Denmark,DNK,GDP growth (annual %),NY.GDP.MKTP.KD.ZG,1.870991147,1.336777767,0.226499792,0.933340972,1.619393811,2.342591108,3.245956985,2.821736341,1.989537315,1.493486959,-1.994607569,4.855707586,
Dominican Republic,DOM,GDP growth (annual %),NY.GDP.MKTP.KD.ZG,8.33965106,3.133423003,2.717367897,4.875205093,7.05046369,6.927018772,6.659200263,4.666704677,6.982527585,5.05216802,-6.720239373,12.27199023,
Algeria,DZA,GDP growth (annual %),NY.GDP.MKTP.KD.ZG,3.6,2.899999999,3.4,2.8,3.8,3.7,3.2,1.3,1.2,1,-5.1,3.5,
East Asia & Pacific (excluding high income),EAP,GDP growth (annual %),NY.GDP.MKTP.KD.ZG,9.922386175,8.650480516,7.575104817,7.295800671,6.984648442,6.688902403,6.585885704,6.704692364,6.525282834,5.783702437,1.297430938,7.263089373,
Early-demographic dividend,EAR,GDP growth (annual %),NY.GDP.MKTP.KD.ZG,6.545277329,4.908513265,4.231552875,4.138075173,4.167329009,4.468512921,4.500329229,4.539612067,3.803031513,2.331395445,-4.270595722,6.812083277,
East Asia & Pacific,EAS,GDP growth (annual %),NY.GDP.MKTP.KD.ZG,7.609302661,5.465000608,5.179445256,5.242121781,4.758508938,4.71563211,4.669678642,5.053561737,4.748879885,3.986616207,-0.168934441,5.80774126,
Europe & Central Asia (excluding high income),ECA,GDP growth (annual %),NY.GDP.MKTP.KD.ZG,5.641086664,6.286357699,3.975446451,4.046439436,2.050026348,0.905341752,1.576119787,3.927701864,3.147259537,2.232719828,-1.183182623,7.068299709,
Europe & Central Asia,ECS,GDP growth (annual %),NY.GDP.MKTP.KD.ZG,2.685116232,2.328754391,0.351186296,0.849616032,1.923518411,2.082360056,1.93595818,2.871699487,2.178141967,1.790183698,-5.598392528,5.85739828,
Ecuador,ECU,GDP growth (annual %),NY.GDP.MKTP.KD.ZG,3.525298669,7.868140919,5.641962067,4.946511267,3.788868549,0.098872608,-1.226383985,2.368386526,1.289291933,0.012105103,-7.787607091,4.235251242,
"Egypt, Arab Rep.",EGY,GDP growth (annual %),NY.GDP.MKTP.KD.ZG,5.147234859,1.764571949,2.226199797,2.185466055,2.915911879,4.372019079,4.346643453,4.181221001,5.314121037,5.557683888,3.569669475,3.326742091,
Euro area,EMU,GDP growth (annual %),NY.GDP.MKTP.KD.ZG,2.180678778,1.714228941,-0.841832475,-0.219682323,1.402605435,2.049568469,1.86402427,2.617793431,1.783378606,1.582068352,-6.138531396,5.325057102,
Eritrea,ERI,GDP growth (annual %),NY.GDP.MKTP.KD.ZG,2.194190349,8.679800101,,,,,,,,,,,
Spain,ESP,GDP growth (annual %),NY.GDP.MKTP.KD.ZG,0.162919518,-0.814384777,-2.958922132,-1.403341868,1.395775367,3.838518877,3.037774142,2.975760729,2.284469419,1.983966223,-11.32543832,5.519594973,
Estonia,EST,GDP growth (annual %),NY.GDP.MKTP.KD.ZG,2.444265118,7.263084581,3.228200494,1.458428636,3.011366587,1.853020046,3.155564814,5.792044675,3.78420085,3.739706682,-0.551001258,8.013462924,
Ethiopia,ETH,GDP growth (annual %),NY.GDP.MKTP.KD.ZG,12.55053835,11.17829623,8.647811633,10.58227005,10.25749296,10.39246302,9.433482658,9.564189643,6.816147797,8.364085699,6.059530886,5.637303008,
European Union,EUU,GDP growth (annual %),NY.GDP.MKTP.KD.ZG,2.225205901,1.893600904,-0.699883406,-0.083821656,1.597574257,2.30705701,1.977125986,2.838481273,2.065953,1.805107055,-5.677580663,5.392521025,
Fragile and conflict affected situations,FCS,GDP growth (annual %),NY.GDP.MKTP.KD.ZG,6.945292238,0.003970749,4.827629556,3.481082439,2.184886989,0.865936957,2.570853706,2.543290665,2.687208706,2.200668406,-4.078342441,2.286573566,
Finland,FIN,GDP growth (annual %),NY.GDP.MKTP.KD.ZG,3.185958654,2.547664838,-1.397545728,-0.901696316,-0.364908157,0.543659212,2.811457767,3.19240963,1.139718013,1.224748922,-2.205139373,2.973229356,
Fiji,FJI,GDP growth (annual %),NY.GDP.MKTP.KD.ZG,2.954672422,2.705143029,1.411314382,4.73421949,5.603514887,4.501199392,2.445652008,5.353364937,3.81235097,-0.581946371,-17.00023502,-5.111607393,
France,FRA,GDP growth (annual %),NY.GDP.MKTP.KD.ZG,1.949437623,2.192700633,0.313134751,0.576326675,0.956183052,1.112912341,1.095464404,2.291419994,1.865066071,1.842971814,-7.784586492,6.816589136,
Faroe Islands,FRO,GDP growth (annual %),NY.GDP.MKTP.KD.ZG,,,,,,,,,,,,,
"Micronesia, Fed. Sts.",FSM,GDP growth (annual %),NY.GDP.MKTP.KD.ZG,2.259389956,3.188574755,-1.866819755,-3.679767791,-2.305775745,4.621884004,0.900180417,2.682185944,0.2116536,1.174799228,-1.765415152,-3.188187197,
Gabon,GAB,GDP growth (annual %),NY.GDP.MKTP.KD.ZG,7.089887315,7.091753343,5.251076918,5.638699003,4.314964441,3.878899395,2.091442208,0.472642031,0.837916581,3.920808795,-1.837761064,1.46228651,
United Kingdom,GBR,GDP growth (annual %),NY.GDP.MKTP.KD.ZG,2.430072895,1.067610914,1.448456757,1.819863375,3.199702626,2.393103184,2.165206211,2.44357047,1.705021022,1.604308648,-11.03085846,7.524910374,
Georgia,GEO,GDP growth (annual %),NY.GDP.MKTP.KD.ZG,6.249487768,7.399999867,6.369008306,3.621305352,4.431924823,3.02220738,2.90643878,4.842603225,4.842919885,4.982350475,-6.760439817,10.46553729,
Ghana,GHA,GDP growth (annual %),NY.GDP.MKTP.KD.ZG,7.899711941,14.04712358,9.292789406,7.312525017,2.856240163,2.120759338,3.37346575,8.128894881,6.200077681,6.507774794,0.513941648,5.356477897,
Gibraltar,GIB,GDP growth (annual %),NY.GDP.MKTP.KD.ZG,,,,,,,,,,,,,
Guinea,GIN,GDP growth (annual %),NY.GDP.MKTP.KD.ZG,4.81336017,5.612111774,5.915286261,3.945687086,3.696553117,3.825910569,10.8206272,10.30000534,6.358491927,5.616914469,4.920266372,3.9,
"Gambia, The",GMB,GDP growth (annual %),NY.GDP.MKTP.KD.ZG,5.90833581,-8.130444223,5.241569246,2.87276879,-1.407382495,4.058073804,1.943359655,4.822611249,7.234890333,6.22205316,0.591487288,4.265492162,
Guinea-Bissau,GNB,GDP growth (annual %),NY.GDP.MKTP.KD.ZG,4.6109709,8.084779734,-1.712683012,3.255904265,0.964560751,6.134082941,6.262805638,5.919176626,1.283736703,4.499999992,-2.399999999,3.800002427,
Equatorial Guinea,GNQ,GDP growth (annual %),NY.GDP.MKTP.KD.ZG,-8.924175889,6.52392363,8.312871844,-4.133198501,0.415066302,-9.110041149,-8.816417232,-5.667508505,-6.236544067,-5.481825379,-4.241481321,-0.945382917,
Greece,GRC,GDP growth (annual %),NY.GDP.MKTP.KD.ZG,-5.478217742,-10.14931483,-7.086696786,-2.515997222,0.475695947,-0.19608763,-0.487173294,1.09214912,1.668428636,1.884341785,-9.004043642,8.434425502,
Grenada,GRD,GDP growth (annual %),NY.GDP.MKTP.KD.ZG,-0.511262754,0.764976824,-1.155143735,2.351418773,7.341506206,6.444767824,3.740552601,4.439116408,4.361421988,0.675295897,-13.75592945,4.68794389,
Greenland,GRL,GDP growth (annual %),NY.GDP.MKTP.KD.ZG,1.735825059,-0.496519392,1.39419336,-1.298280693,4.742135673,-2.529318024,4.68195411,0.052728183,0.623065429,2.271310943,0.35653166,,
Guatemala,GTM,GDP growth (annual %),NY.GDP.MKTP.KD.ZG,2.884175428,4.163906883,2.974708568,3.694819199,4.443977583,4.092170816,2.677802555,3.079851491,3.4068734,4.002315059,-1.764082926,7.980769506,
Guam,GUM,GDP growth (annual %),NY.GDP.MKTP.KD.ZG,2.263251936,0.077654824,2.13385063,1.690408357,1.793051924,0.825688073,0.181983621,0.890099909,-0.792221822,2.595281307,-11.39218114,1.058095428,
Guyana,GUY,GDP growth (annual %),NY.GDP.MKTP.KD.ZG,4.138441601,5.196251561,5.27633062,3.653504768,1.686027732,0.68752121,3.807918837,3.734374061,4.441013589,5.352627426,43.47955594,20.06001095,
High income,HIC,GDP growth (annual %),NY.GDP.MKTP.KD.ZG,3.024415609,1.929010285,1.41089466,1.494976003,2.091635485,2.365068471,1.831136212,2.376354535,2.354329335,1.758322665,-4.269050493,5.236045153,
"Hong Kong SAR, China",HKG,GDP growth (annual %),NY.GDP.MKTP.KD.ZG,6.767671816,4.814699953,1.700317492,3.101525489,2.762419617,2.387831883,2.17542435,3.796122164,2.846934743,-1.678246464,-6.545008239,6.343106198,
Honduras,HND,GDP growth (annual %),NY.GDP.MKTP.KD.ZG,3.731140344,3.835690662,4.128687749,2.791559757,3.058080562,3.840079971,3.892972197,4.842913911,3.84499477,2.653066255,-8.964760184,12.53409602,
Heavily indebted poor countries (HIPC),HPC,GDP growth (annual %),NY.GDP.MKTP.KD.ZG,5.934830586,3.912842083,2.515622495,5.559610708,5.828572742,4.535413536,4.498556634,4.785332324,4.075070064,4.101712755,0.193785635,3.867719892,
Croatia,HRV,GDP growth (annual %),NY.GDP.MKTP.KD.ZG,-1.223779482,-0.086613779,-2.331661645,-0.397827665,-0.429360586,2.522292277,3.559359482,3.412467822,2.800676199,3.42100553,-8.580343021,13.07220492,
Haiti,HTI,GDP growth (annual %),NY.GDP.MKTP.KD.ZG,-5.651511534,5.098213544,0.502424404,4.324784115,1.722565602,2.562508835,1.812468078,2.510271345,1.667810955,-1.684595081,-3.343372612,-1.798239889,
Hungary,HUN,GDP growth (annual %),NY.GDP.MKTP.KD.ZG,1.076254043,1.866837475,-1.250226023,1.802522101,4.232209806,3.707315979,2.201001893,4.271976016,5.362332259,4.85779236,-4.547263823,7.117315315,
IBRD only,IBD,GDP growth (annual %),NY.GDP.MKTP.KD.ZG,7.83088344,6.401475776,5.466759485,5.255292419,4.874604386,4.439336311,4.594892075,5.246061607,4.944339695,3.975916124,-1.397378531,7.17255923,
IDA & IBRD total,IBT,GDP growth (annual %),NY.GDP.MKTP.KD.ZG,7.702183797,6.215353874,5.27063713,5.253605601,4.930139541,4.349297301,4.497242419,5.146312921,4.895339462,3.969306754,-1.31557313,6.939895411,
IDA total,IDA,GDP growth (annual %),NY.GDP.MKTP.KD.ZG,6.260695833,4.099909225,2.989398268,5.233513056,5.589621984,3.28732042,3.326085044,3.935290395,4.292938017,3.886262087,-0.288361581,4.032818562,
IDA blend,IDB,GDP growth (annual %),NY.GDP.MKTP.KD.ZG,6.151697026,4.702631045,4.55569453,5.568661108,5.82828888,3.816583431,1.67012006,2.522148402,3.715798123,2.739052437,-1.389276399,5.070845632,
Indonesia,IDN,GDP growth (annual %),NY.GDP.MKTP.KD.ZG,6.223854181,6.169784208,6.030050653,5.557263689,5.006668426,4.8763223,5.033069183,5.069785901,5.17429154,5.01928768,-2.065004941,3.691240112,
IDA only,IDX,GDP growth (annual %),NY.GDP.MKTP.KD.ZG,6.354493156,3.582234793,1.626386935,4.933456264,5.375982096,2.81152327,4.845579788,5.192700846,4.793438443,4.899995055,0.664422703,3.142566061,
Isle of Man,IMN,GDP growth (annual %),NY.GDP.MKTP.KD.ZG,3.399998424,1.999999382,7.303757302,4.141718551,5.155303088,-0.385798408,6.952311475,4.688811187,2.213403992,0.25486132,,,
India,IND,GDP growth (annual %),NY.GDP.MKTP.KD.ZG,8.497584702,5.241315001,5.456388753,6.386106401,7.410227605,7.996253786,8.256305502,6.795383419,6.453851345,3.73791852,-6.596080522,8.681228731,
Not classified,INX,GDP growth (annual %),NY.GDP.MKTP.KD.ZG,,,,,,,,,,,,,
Ireland,IRL,GDP growth (annual %),NY.GDP.MKTP.KD.ZG,1.682971538,0.833830149,-0.005542011,1.125689646,8.649350608,24.37044535,2.006654115,9.005342424,8.527541391,5.440937334,6.184538039,13.58824711,
"Iran, Islamic Rep.",IRN,GDP growth (annual %),NY.GDP.MKTP.KD.ZG,5.797938302,2.645717918,-3.747171399,-1.521979205,4.984775067,-1.424884939,8.815086643,2.758505246,-2.253863607,-2.658206662,3.330288459,4.719777732,
Iraq,IRQ,GDP growth (annual %),NY.GDP.MKTP.KD.ZG,6.402564845,7.5464712,13.93643017,7.628571185,0.19701671,4.722864019,13.78737302,-1.819750351,2.633850991,5.513790575,-11.32419926,2.783335435,
Iceland,ISL,GDP growth (annual %),NY.GDP.MKTP.KD.ZG,-2.832774915,1.845779156,1.063636607,4.55246032,1.687215018,4.436663719,6.303687107,4.194948829,4.888798244,2.415456092,-6.842296026,4.403044786,
Israel,ISR,GDP growth (annual %),NY.GDP.MKTP.KD.ZG,5.668515118,5.561139076,2.587653844,4.415501587,3.919126893,2.485826289,4.521680309,4.276595951,4.070321887,4.156137989,-1.857289278,8.611990348,
Italy,ITA,GDP growth (annual %),NY.GDP.MKTP.KD.ZG,1.713295839,0.707333347,-2.980905768,-1.841065451,-0.004547542,0.778304351,1.293462732,1.667859041,0.925810941,0.483198317,-9.039953411,6.737277123,
Jamaica,JAM,GDP growth (annual %),NY.GDP.MKTP.KD.ZG,-1.457147209,1.730376267,-0.61363604,0.517686013,0.689822357,0.921487125,1.375223064,0.997123062,1.889923681,0.892291654,-10,4.6,
Jordan,JOR,GDP growth (annual %),NY.GDP.MKTP.KD.ZG,2.314834143,2.737179832,2.429358335,2.609947414,3.38407811,2.496528695,1.994180818,2.473598525,1.91907105,1.927372025,-1.569473361,2.228138413,
Japan,JPN,GDP growth (annual %),NY.GDP.MKTP.KD.ZG,4.097917919,0.023809524,1.374750999,2.005100177,0.296205514,1.560626697,0.753826746,1.675331752,0.584068067,-0.240350841,-4.506904542,1.657071117,
Kazakhstan,KAZ,GDP growth (annual %),NY.GDP.MKTP.KD.ZG,7.3,7.400000001,4.8,5.999999999,4.200000001,1.2,1.1,4.1,4.1,4.5,-2.5,4.3,
Kenya,KEN,GDP growth (annual %),NY.GDP.MKTP.KD.ZG,8.058473603,5.12110612,4.568679614,3.797848393,5.020111002,4.967721128,4.213517068,3.837958174,5.647946407,5.114158858,-0.250155705,7.517355387,
Kyrgyz Republic,KGZ,GDP growth (annual %),NY.GDP.MKTP.KD.ZG,-0.471566601,5.956274309,-0.088150201,10.91546945,4.024038626,3.875825448,4.335855917,4.739937225,3.757910125,4.600625666,-8.398364296,3.610612695,
Cambodia,KHM,GDP growth (annual %),NY.GDP.MKTP.KD.ZG,5.963078575,7.069569946,7.313345505,7.356665149,7.142571101,6.965797814,6.933313973,6.996903699,7.469169207,7.054106932,-3.096006731,3.026389363,
Kiribati,KIR,GDP growth (annual %),NY.GDP.MKTP.KD.ZG,-1.120260261,1.76257601,5.136144329,4.161574477,-1.096288599,9.865174721,-0.478196755,-0.244658832,5.274150125,-0.539607341,-0.547003796,1.499998904,
St. Kitts and Nevis,KNA,GDP growth (annual %),NY.GDP.MKTP.KD.ZG,0.04369578,1.616739444,-0.516911499,5.705600517,7.577362707,0.713083369,3.93046385,0.007068824,2.052464636,4.047478875,-14.53207299,-0.879622643,
"Korea, Rep.",KOR,GDP growth (annual %),NY.GDP.MKTP.KD.ZG,6.804824918,3.685667782,2.402530992,3.164708636,3.202453795,2.809103268,2.946881715,3.15963574,2.907403774,2.24397786,-0.709415359,4.145323954,
Kuwait,KWT,GDP growth (annual %),NY.GDP.MKTP.KD.ZG,-2.37026412,9.628406975,6.6258183,1.149300437,0.500876982,0.593019617,2.925868226,-4.712106209,2.433981268,-0.551959288,-8.855278923,,
Latin America & Caribbean (excluding high income),LAC,GDP growth (annual %),NY.GDP.MKTP.KD.ZG,6.717022406,4.485819964,2.380916156,2.871330585,1.356011812,0.417201872,-0.292896399,2.007824943,1.6295792,0.684181877,-6.503783743,6.349898717,
Lao PDR,LAO,GDP growth (annual %),NY.GDP.MKTP.KD.ZG,8.526905517,8.038652681,8.026098434,8.026300226,7.611963441,7.270065843,7.022836255,6.892530873,6.247960008,5.457735092,0.50303183,2.528351001,
Lebanon,LBN,GDP growth (annual %),NY.GDP.MKTP.KD.ZG,7.975135559,0.867339877,2.564791337,3.827873498,2.484060106,0.462320792,1.55454941,0.782014001,-1.702174807,-7.15724707,-21.39989992,-7.00123936,
Liberia,LBR,GDP growth (annual %),NY.GDP.MKTP.KD.ZG,6.09982524,8.200768225,7.993814446,8.687287816,0.7013931,-0.01856497,-1.554958617,2.45515592,1.157575122,-2.467297635,-2.982491276,4.986712835,
Libya,LBY,GDP growth (annual %),NY.GDP.MKTP.KD.ZG,5.027247672,-50.33851514,86.82674844,-17.99796157,-23.04280583,-0.842656252,-1.490941117,32.49180219,7.941367853,-11.19569459,-23.92978245,31.37242223,
St. Lucia,LCA,GDP growth (annual %),NY.GDP.MKTP.KD.ZG,1.603862385,5.483411333,-0.19985174,-3.174377604,1.416157186,-1.362037196,3.753021478,3.387056508,2.880820578,-0.650157505,-24.36461878,12.22986221,
Latin America & Caribbean,LCN,GDP growth (annual %),NY.GDP.MKTP.KD.ZG,6.427384022,4.448732257,2.570633245,2.854447192,1.387368735,0.523919552,-0.16250612,1.87848999,1.630166603,0.734395356,-6.64470127,6.548269426,
Least developed countries: UN classification,LDC,GDP growth (annual %),NY.GDP.MKTP.KD.ZG,6.214343898,2.999563455,2.094099721,5.617914563,5.627030051,2.384902067,4.295635103,4.433897011,4.494581095,4.983689786,0.910610827,2.020684807,
Low income,LIC,GDP growth (annual %),NY.GDP.MKTP.KD.ZG,6.645626845,3.3140288,-1.727251615,5.162416354,5.677204621,4.032721391,4.464300904,4.198034306,3.735838878,3.361846733,0.163742911,2.551983796,
Liechtenstein,LIE,GDP growth (annual %),NY.GDP.MKTP.KD.ZG,,,,,,,,,,,,,
Sri Lanka,LKA,GDP growth (annual %),NY.GDP.MKTP.KD.ZG,8.01596737,8.669483012,8.632181377,4.05174633,6.377978897,4.205955475,5.05362489,6.460681271,2.310084255,-0.220483887,-3.472296819,3.326763818,
Lower middle income,LMC,GDP growth (annual %),NY.GDP.MKTP.KD.ZG,6.610166904,4.782177447,4.470907566,4.992225563,5.820726302,4.999915139,5.693505757,5.100651939,4.818428507,3.682907429,-3.224650264,5.588290843,
Low & middle income,LMY,GDP growth (annual %),NY.GDP.MKTP.KD.ZG,7.929776472,6.257013912,5.363892972,5.394106121,4.985223535,4.391572397,4.56763307,5.16550955,4.886273697,3.987430381,-1.219563189,6.887874035,
Lesotho,LSO,GDP growth (annual %),NY.GDP.MKTP.KD.ZG,5.266280653,4.614252238,6.334821701,1.792531445,1.710544004,3.127557724,3.605400048,-3.138174923,0.071538723,0.92750332,-8.356395734,1.347623155,
Late-demographic dividend,LTE,GDP growth (annual %),NY.GDP.MKTP.KD.ZG,8.024148787,7.192619197,5.879952535,5.61384718,5.312319699,4.699887698,4.477356373,5.298647165,5.426299493,4.648960721,0.134235524,7.121678462,
Lithuania,LTU,GDP growth (annual %),NY.GDP.MKTP.KD.ZG,1.651240653,6.03900816,3.843864749,3.550072843,3.537009879,2.024583955,2.518828273,4.282596951,3.993310328,4.625103139,-0.021762974,5.981032113,
Luxembourg,LUX,GDP growth (annual %),NY.GDP.MKTP.KD.ZG,3.760413593,1.044298695,1.64990203,3.171790499,2.623086016,2.269784484,4.978190437,1.317187663,1.219321919,2.319925201,-0.797435589,5.102455447,
Latvia,LVA,GDP growth (annual %),NY.GDP.MKTP.KD.ZG,-4.45556726,2.573712363,7.042247161,2.007966879,1.902172684,3.885260054,2.368614747,3.312475936,3.991854505,2.569703888,-2.202985338,4.068073863,
"Macao SAR, China",MAC,GDP growth (annual %),NY.GDP.MKTP.KD.ZG,25.12275964,21.61652888,9.242245928,10.75285399,-2.048380612,-21.51440527,-0.679060845,9.983305509,6.464667694,-2.511937846,-54.23590002,19.26705638,
St. Martin (French part),MAF,GDP growth (annual %),NY.GDP.MKTP.KD.ZG,,,,,,,,,,,,,
Morocco,MAR,GDP growth (annual %),NY.GDP.MKTP.KD.ZG,3.815717917,5.245697297,3.009961262,4.5354242,19.0472788,4.344582976,0.521185509,5.057898157,3.065641334,2.890974761,-7.187079581,7.929667942,
Monaco,MCO,GDP growth (annual %),NY.GDP.MKTP.KD.ZG,2.09999905,7.000000024,1.012217961,9.574890743,7.189187012,4.863473211,3.451551047,-3.500961422,5.95627042,6.905665492,-12.96513471,21.5535607,
Moldova,MDA,GDP growth (annual %),NY.GDP.MKTP.KD.ZG,7.100000084,5.818166219,-0.589733963,9.04386557,4.999625923,-0.338235559,4.408886709,4.690793676,4.301477757,3.683403898,-7.380182154,13.9445896,
Madagascar,MDG,GDP growth (annual %),NY.GDP.MKTP.KD.ZG,0.619239746,1.578427051,3.011148115,2.300376232,3.339203113,3.132298073,3.993146064,3.933307595,3.194356515,4.41123213,-7.137671622,4.40234,
Maldives,MDV,GDP growth (annual %),NY.GDP.MKTP.KD.ZG,7.265129068,8.566733531,2.517383942,7.281073979,7.329626203,2.88454853,6.338300636,7.209910123,8.123128908,7.097466015,-33.49279579,41.74510055,
Middle East & North Africa,MEA,GDP growth (annual %),NY.GDP.MKTP.KD.ZG,5.028831192,3.594957289,4.325837324,2.215422623,3.259559007,2.619873997,4.294701217,1.625479669,2.052882212,1.119533837,-3.524092011,4.535654926,
Mexico,MEX,GDP growth (annual %),NY.GDP.MKTP.KD.ZG,5.118118143,3.66300793,3.642322679,1.354091962,2.849773255,3.293151528,2.630532425,2.113129135,2.194994725,-0.199047772,-7.98791234,4.720565298,
Marshall Islands,MHL,GDP growth (annual %),NY.GDP.MKTP.KD.ZG,5.421623829,-0.30723955,-1.2927116,3.679684139,-1.119928582,2.111108569,2.016095319,3.410419703,4.194018756,10.83921368,-1.841596424,1.114795058,
Middle income,MIC,GDP growth (annual %),NY.GDP.MKTP.KD.ZG,7.954551275,6.37884123,5.556045237,5.43129351,4.994429914,4.47798674,4.595647894,5.198464166,4.911516103,3.988922203,-1.244124826,6.955013891,
North Macedonia,MKD,GDP growth (annual %),NY.GDP.MKTP.KD.ZG,3.358750858,2.339886045,-0.456183224,2.925257665,3.629123513,3.85586514,2.848205194,1.081772738,2.88059671,3.910419538,-6.110886711,3.964264171,
Mali,MLI,GDP growth (annual %),NY.GDP.MKTP.KD.ZG,5.313935279,3.21313378,-0.836734632,2.29506829,7.084683881,6.171800024,5.852299199,5.305456084,4.746484327,4.756160808,-1.235450447,3.052613569,
Malta,MLT,GDP growth (annual %),NY.GDP.MKTP.KD.ZG,5.543569377,0.466127625,4.118660982,5.473057917,7.633119335,9.608131222,3.381115768,10.92532923,6.168984106,5.917344507,-8.324283232,10.2977636,
Myanmar,MMR,GDP growth (annual %),NY.GDP.MKTP.KD.ZG,10.06928609,7.520057227,6.485754004,7.898669478,8.19966375,3.277279417,10.50778078,5.7500645,6.404977325,6.750460146,3.1737744,-17.9129448,
Middle East & North Africa (excluding high income),MNA,GDP growth (annual %),NY.GDP.MKTP.KD.ZG,5.275722462,-1.087303558,3.685849051,0.435276808,2.794344068,0.740786053,5.343002039,3.12067204,1.681820042,1.009494414,-2.801753499,4.693814782,
Montenegro,MNE,GDP growth (annual %),NY.GDP.MKTP.KD.ZG,2.734331082,3.228451021,-2.723790771,3.548979912,1.783698581,3.390381397,2.949280321,4.716465276,5.077888811,4.062944992,-15.30689376,12.43435899,
Mongolia,MNG,GDP growth (annual %),NY.GDP.MKTP.KD.ZG,6.365161685,17.29077758,12.31981985,11.64891619,7.885225481,2.379835807,1.489784485,5.63687639,7.74488062,5.602244219,-4.557751973,1.636769576,
Northern Mariana Islands,MNP,GDP growth (annual %),NY.GDP.MKTP.KD.ZG,1.395939086,-7.384230288,0.810810811,2.680965147,4.177545692,3.383458647,29.21212121,23.17073171,-19.34501142,-11.14258735,,,
Mozambique,MOZ,GDP growth (annual %),NY.GDP.MKTP.KD.ZG,6.502353115,7.417384316,7.258439253,6.963607135,7.398512797,6.72327878,3.824214319,3.741317593,3.44381384,2.31460601,-1.233905711,2.363988418,
Mauritania,MRT,GDP growth (annual %),NY.GDP.MKTP.KD.ZG,2.620229521,4.172783283,4.470013182,4.150813186,4.274823271,5.376339237,1.260909224,6.270545694,4.772173639,5.296637357,-0.938516151,2.445368273,
Mauritius,MUS,GDP growth (annual %),NY.GDP.MKTP.KD.ZG,4.377203223,4.077538066,3.496118365,3.3604061,3.82696982,3.690556904,3.862468263,3.937983806,4.006740572,2.891464957,-14.59739843,3.703611124,
Malawi,MWI,GDP growth (annual %),NY.GDP.MKTP.KD.ZG,6.874065633,4.854055111,1.885799508,5.199999996,5.700000005,2.8,2.484040626,4.000030516,4.391688296,5.448181336,0.799998331,2.751416408,
Malaysia,MYS,GDP growth (annual %),NY.GDP.MKTP.KD.ZG,7.424847383,5.293912834,5.473454193,4.693722526,6.006721946,5.091532422,4.449781398,5.81272241,4.843086976,4.413190208,-5.534456218,3.09215965,
North America,NAC,GDP growth (annual %),NY.GDP.MKTP.KD.ZG,2.736368762,1.673279935,2.236265126,1.879791747,2.332052952,2.541510234,1.61424654,2.304819564,2.930989761,2.261148121,-2.962387632,5.837765895,
Namibia,NAM,GDP growth (annual %),NY.GDP.MKTP.KD.ZG,6.03924948,5.091338139,5.06168207,5.614719623,6.092519139,4.264174529,0.033794488,-1.027250823,1.059943443,-0.839154678,-8.036213662,2.65605082,
New Caledonia,NCL,GDP growth (annual %),NY.GDP.MKTP.KD.ZG,,,,,,,,,,,,,
Niger,NER,GDP growth (annual %),NY.GDP.MKTP.KD.ZG,8.578166743,2.357756936,10.54894458,5.315130634,6.642136655,4.392648832,5.740893151,5.001359945,7.210803008,5.941396863,3.550227506,1.387129177,
Nigeria,NGA,GDP growth (annual %),NY.GDP.MKTP.KD.ZG,8.005655915,5.307924204,4.230061175,6.671335393,6.309718656,2.652693295,-1.61686895,0.80588662,1.922757342,2.208429277,-1.794253082,3.647186541,
Nicaragua,NIC,GDP growth (annual %),NY.GDP.MKTP.KD.ZG,4.409645499,6.317476383,6.495258014,4.927502861,4.78581617,4.792056766,4.563515388,4.630795521,-3.363705717,-3.779333196,-1.789975444,10.3443407,
Netherlands,NLD,GDP growth (annual %),NY.GDP.MKTP.KD.ZG,1.342739336,1.551189312,-1.030353991,-0.130175288,1.423395395,1.959169721,2.191713719,2.910902513,2.360915095,1.955588416,-3.886083918,4.863219149,
Norway,NOR,GDP growth (annual %),NY.GDP.MKTP.KD.ZG,0.701833824,0.981434479,2.703109471,1.034072914,1.969544301,1.967128438,1.071558977,2.323290208,1.118828479,0.745798219,-0.717182669,3.880936036,
Nepal,NPL,GDP growth (annual %),NY.GDP.MKTP.KD.ZG,4.816414651,3.421828238,4.670122149,3.525153174,6.011482841,3.976053274,0.433113718,8.977279354,7.622376108,6.657055428,-2.369620627,4.246940141,
Nauru,NRU,GDP growth (annual %),NY.GDP.MKTP.KD.ZG,11.11111111,10,11.36363636,30.6122449,26.5625,3.703703704,3.571428571,-5.747126437,6.097560976,0,1.149425287,1.5,
New Zealand,NZL,GDP growth (annual %),NY.GDP.MKTP.KD.ZG,1.523877571,2.251758633,2.245302935,2.695416618,3.815427603,3.744332198,3.767447717,3.578278276,3.359219548,2.192477216,-1.252664529,3.71401012,
OECD members,OED,GDP growth (annual %),NY.GDP.MKTP.KD.ZG,2.985619729,1.867924371,1.386406603,1.518285911,2.092430567,2.434228444,1.827653082,2.493931435,2.354514528,1.74129964,-4.236143841,5.385066812,
Oman,OMN,GDP growth (annual %),NY.GDP.MKTP.KD.ZG,1.713985311,2.894609735,8.863122256,5.227704081,1.292252294,5.017057997,5.046423946,0.304057566,1.287103915,-1.128711062,-3.3797144,3.092276687,
Other small states,OSS,GDP growth (annual %),NY.GDP.MKTP.KD.ZG,8.720127391,7.556535909,3.397426605,3.69382847,3.853730149,3.134518947,2.984115624,1.325782313,2.222248732,2.172115282,-4.834499224,3.840278754,
Pakistan,PAK,GDP growth (annual %),NY.GDP.MKTP.KD.ZG,1.606688629,2.748405917,3.50703342,4.396456634,4.674707982,4.731147475,5.526735845,4.432625907,6.151702611,2.497636929,-1.274087443,6.487086774,
Panama,PAN,GDP growth (annual %),NY.GDP.MKTP.KD.ZG,5.827993494,11.31362591,9.778490071,6.903948051,5.066422355,5.733054296,4.953211423,5.591148876,3.685429938,2.979772001,-17.9448936,15.33587393,
Peru,PER,GDP growth (annual %),NY.GDP.MKTP.KD.ZG,8.332459107,6.327192402,6.139724706,5.852518211,2.382157372,3.252244772,3.953318715,2.518835442,3.969351341,2.240631769,-10.95269893,13.34950908,
Philippines,PHL,GDP growth (annual %),NY.GDP.MKTP.KD.ZG,7.33449996,3.858232828,6.896951711,6.750531301,6.347987483,6.348309717,7.14945675,6.930988326,6.341485572,6.118525662,-9.518294741,5.703155968,
Palau,PLW,GDP growth (annual %),NY.GDP.MKTP.KD.ZG,0.216093492,6.683667538,1.67259734,-3.387309936,6.293865865,7.539063225,-0.083373224,-4.078810923,0.108108108,0.395968323,-9.107206884,-13.33333333,
Papua New Guinea,PNG,GDP growth (annual %),NY.GDP.MKTP.KD.ZG,10.12845407,1.107543626,4.657119597,3.824946328,13.54377062,6.578356323,5.489573153,3.534610818,-0.279252285,4.480430622,-3.167381176,0.3,
Poland,POL,GDP growth (annual %),NY.GDP.MKTP.KD.ZG,2.934638181,5.042187883,1.545221571,0.856557081,3.836958494,4.383298635,2.953508842,5.140017574,5.945208477,4.449987879,-2.020070734,6.847713362,
Pre-demographic dividend,PRE,GDP growth (annual %),NY.GDP.MKTP.KD.ZG,6.498021201,4.018997555,3.480886481,5.816605333,5.117880916,3.153337232,2.601005826,1.63230676,2.604126142,3.165012218,-2.508453662,3.174736252,
Puerto Rico,PRI,GDP growth (annual %),NY.GDP.MKTP.KD.ZG,-0.413254118,-0.358510628,0.02927511,-0.306826657,-1.190363454,-1.049443651,-1.263002925,-2.885954759,-4.360606061,1.675063105,-4.353426337,0.207432829,
"Korea, Dem. People's Rep.",PRK,GDP growth (annual %),NY.GDP.MKTP.KD.ZG,,,,,,,,,,,,,
Portugal,PRT,GDP growth (annual %),NY.GDP.MKTP.KD.ZG,1.737625476,-1.696164781,-4.057293608,-0.922644675,0.792190302,1.792046046,2.019485396,3.506345285,2.849325934,2.682759921,-8.300516042,5.482391708,
Paraguay,PRY,GDP growth (annual %),NY.GDP.MKTP.KD.ZG,11.09523127,4.286371207,-0.708043112,8.293076489,5.301238592,2.957151735,4.268025833,4.810078856,3.204250341,-0.401855101,-0.819785391,4.102413415,
West Bank and Gaza,PSE,GDP growth (annual %),NY.GDP.MKTP.KD.ZG,5.777362056,9.600808489,6.096456563,4.698569866,-0.157866651,3.721299671,8.86461882,1.419367563,1.227077378,1.362687466,-11.31846611,7.050450938,
Pacific island small states,PSS,GDP growth (annual %),NY.GDP.MKTP.KD.ZG,3.789957356,3.840277696,0.902918908,3.305896099,3.689809769,3.672723859,3.606620728,3.98838686,2.816895064,0.965367241,-10.30995848,-3.667728391,
Post-demographic dividend,PST,GDP growth (annual %),NY.GDP.MKTP.KD.ZG,2.926753193,1.654401748,1.249302147,1.399454631,1.914779925,2.137343397,1.7481025,2.363005069,2.256349093,1.699214998,-4.448770621,5.119168489,
French Polynesia,PYF,GDP growth (annual %),NY.GDP.MKTP.KD.ZG,-4.718832487,-5.388345774,-2.262747886,0.392995196,1.046208544,3.446946725,3.36664139,2.097448458,2.82447942,2.420144903,-10,1.024255604,
Qatar,QAT,GDP growth (annual %),NY.GDP.MKTP.KD.ZG,19.59233153,13.37517641,4.730011844,5.556040643,5.334323292,4.753345724,3.064191884,-1.497604702,1.234872202,0.774808381,-3.640449798,1.590756954,
Romania,ROU,GDP growth (annual %),NY.GDP.MKTP.KD.ZG,-3.90123628,4.517086964,1.924993262,0.269963879,4.120674963,3.16050387,2.857546057,8.196506503,6.029019041,3.853163833,-3.677510791,5.100128197,
Russian Federation,RUS,GDP growth (annual %),NY.GDP.MKTP.KD.ZG,4.5,4.300029186,4.024086157,1.755422149,0.736267221,-1.972719226,0.193690072,1.825790064,2.80724541,2.198075714,-2.663757511,4.7495841,
Rwanda,RWA,GDP growth (annual %),NY.GDP.MKTP.KD.ZG,7.334656108,7.958385719,8.641520625,4.719836864,6.167167721,8.856861325,5.970744298,3.976289694,8.579437537,9.460597561,-3.35885332,10.88451916,
South Asia,SAS,GDP growth (annual %),NY.GDP.MKTP.KD.ZG,7.468773659,5.110244127,5.467978464,6.033785463,6.938621192,7.33607192,7.682240582,6.527009244,6.334238353,3.835371973,-5.22737398,7.964362173,
Saudi Arabia,SAU,GDP growth (annual %),NY.GDP.MKTP.KD.ZG,5.039484026,9.996865166,5.41142278,2.699281071,3.652485666,4.106393864,1.670664257,-0.741528418,2.5141658,0.333780755,-4.137670376,3.240929768,
Sudan,SDN,GDP growth (annual %),NY.GDP.MKTP.KD.ZG,3.858241952,-3.213532093,-17.0046884,1.955144633,4.661379542,1.910176891,3.467642184,0.709256285,-2.68093055,-2.178251045,-3.629800924,-1.868520206,
Senegal,SEN,GDP growth (annual %),NY.GDP.MKTP.KD.ZG,3.390889253,1.33409108,4.002995551,2.412385276,6.224074438,6.367043651,6.369684417,7.393737497,6.209241034,4.613628097,1.325505141,6.064495968,
Singapore,SGP,GDP growth (annual %),NY.GDP.MKTP.KD.ZG,14.51974971,6.214934169,4.435497594,4.817630991,3.935540277,2.976799316,3.56169799,4.661435049,3.661304994,1.095672567,-4.143105621,7.613962615,
Solomon Islands,SLB,GDP growth (annual %),NY.GDP.MKTP.KD.ZG,9.708388169,7.429949617,2.466001387,5.237740178,1.189217471,1.676146156,5.554731534,3.075348034,2.745995423,1.749514287,-3.382047485,-0.202448665,
Sierra Leone,SLE,GDP growth (annual %),NY.GDP.MKTP.KD.ZG,5.346466052,6.315045036,15.18176908,20.71576829,4.556772366,-20.59877072,6.055474029,4.192610074,3.46460214,5.254241203,-1.96894782,4.104700089,
El Salvador,SLV,GDP growth (annual %),NY.GDP.MKTP.KD.ZG,2.107887579,3.806881243,2.822623757,2.235624415,1.708706265,2.4,2.5390625,2.247619048,2.412444113,2.437471578,-8.177217438,10.27847612,
San Marino,SMR,GDP growth (annual %),NY.GDP.MKTP.KD.ZG,-5.473684211,-8.314773571,-7.044534413,-0.783972125,-0.7023705,2.291505561,2.344405861,0.258265466,1.493905318,2.065685147,-6.647910818,,
Somalia,SOM,GDP growth (annual %),NY.GDP.MKTP.KD.ZG,,,,,7.794200253,15.04994147,8.53229304,2.349582763,7.530969253,7.456521543,2.489374346,4.049110488,
Serbia,SRB,GDP growth (annual %),NY.GDP.MKTP.KD.ZG,0.731044553,2.036276689,-0.681542369,2.892636734,-1.58951032,1.806059265,3.338586765,2.101163847,4.495121293,4.331734906,-0.903218502,7.549912535,
Sub-Saharan Africa (excluding high income),SSA,GDP growth (annual %),NY.GDP.MKTP.KD.ZG,5.955932497,4.196236606,2.677210316,5.068802001,4.890953895,2.824958956,1.397097453,2.486905415,2.761651236,2.558523957,-2.063769942,4.198290076,
South Sudan,SSD,GDP growth (annual %),NY.GDP.MKTP.KD.ZG,5.493416395,-4.640316736,-46.08212237,13.12973114,3.373648477,-10.79336463,,,,,,,
Sub-Saharan Africa,SSF,GDP growth (annual %),NY.GDP.MKTP.KD.ZG,5.955931724,4.199175913,2.676040661,5.069575112,4.890637424,2.827255249,1.400439537,2.488682149,2.762042591,2.55901056,-2.068856312,4.201410451,
Small states,SST,GDP growth (annual %),NY.GDP.MKTP.KD.ZG,7.15804651,6.275411333,3.308999925,3.284270752,3.554438403,2.650544602,2.186895129,1.099297461,2.093532129,2.005338765,-5.659522869,3.917242953,
Sao Tome and Principe,STP,GDP growth (annual %),NY.GDP.MKTP.KD.ZG,6.671983657,4.398202015,3.14197646,4.814792654,6.549934955,3.911337989,4.164768974,3.848980918,2.945268909,2.210855833,3.024567669,1.877923038,
Suriname,SUR,GDP growth (annual %),NY.GDP.MKTP.KD.ZG,5.168825152,5.849367672,2.690349747,2.933441652,0.255503032,-3.411096013,-4.915786469,1.567191065,4.948270766,1.168797882,-15.97519639,-2.729618827,
Slovak Republic,SVK,GDP growth (annual %),NY.GDP.MKTP.KD.ZG,6.71663275,2.671452779,1.318802246,0.632740007,2.697189807,5.167181606,1.943950861,2.938068678,4.030389714,2.519693137,-3.374681766,3.014302861,
Slovenia,SVN,GDP growth (annual %),NY.GDP.MKTP.KD.ZG,1.343748472,0.861327733,-2.639438757,-1.029282772,2.768158831,2.210081607,3.191852518,4.815380632,4.454365747,3.451079244,-4.321369905,8.211062592,
Sweden,SWE,GDP growth (annual %),NY.GDP.MKTP.KD.ZG,5.952107008,3.195333235,-0.588304569,1.187775716,2.657798275,4.489281588,2.070593151,2.567924525,1.950022846,1.986195874,-2.170213179,5.075084725,
Eswatini,SWZ,GDP growth (annual %),NY.GDP.MKTP.KD.ZG,3.793754968,2.247229761,5.396630697,3.861213798,0.923230547,2.227480675,1.062610193,2.026578156,2.368742043,2.703557595,-1.55964259,7.883306402,
Sint Maarten (Dutch part),SXM,GDP growth (annual %),NY.GDP.MKTP.KD.ZG,3.199994022,4.600002996,1.39054667,1.306727883,1.580384638,0.4,0.500001937,-5.800003254,-6.599997737,,,,
Seychelles,SYC,GDP growth (annual %),NY.GDP.MKTP.KD.ZG,5.95496195,7.887279788,1.260828926,6.018076914,4.504785191,5.637314488,5.353071513,4.511094855,3.198883963,3.09986953,-7.692672469,7.86188242,
Syrian Arab Republic,SYR,GDP growth (annual %),NY.GDP.MKTP.KD.ZG,5.191905841,2.850002844,-26.33901708,-26.30008766,-10.31033991,-4.179791613,-6.405590739,-0.723281777,1.393176078,1.220705221,-3.873681686,,
Turks and Caicos Islands,TCA,GDP growth (annual %),NY.GDP.MKTP.KD.ZG,,,-0.972299355,1.070877013,8.711296582,11.31483413,7.25118055,-2.490218992,5.610956374,5.324551483,-26.78287693,2.099997677,
Chad,TCD,GDP growth (annual %),NY.GDP.MKTP.KD.ZG,13.55010086,0.082869798,8.882576072,5.700001363,6.899985045,2.767675685,-6.255527085,-2.988695986,2.3740378,3.247181917,-1.600006737,-1.199990525,
East Asia & Pacific (IDA & IBRD countries),TEA,GDP growth (annual %),NY.GDP.MKTP.KD.ZG,9.923170982,8.651125982,7.575932151,7.296501661,6.985046229,6.689067534,6.58628402,6.705252331,6.525437143,5.783916044,1.297291268,7.263408183,
Europe & Central Asia (IDA & IBRD countries),TEC,GDP growth (annual %),NY.GDP.MKTP.KD.ZG,4.63375976,5.927486785,3.456011805,3.384583267,2.338531219,1.481158564,1.847653949,4.293121523,3.665619832,2.638147847,-1.539745561,7.012473071,
Togo,TGO,GDP growth (annual %),NY.GDP.MKTP.KD.ZG,6.099259163,6.398199053,6.543507029,6.112343077,5.920588573,5.742868453,5.559079305,4.347748238,4.9762131,5.459921448,1.752824967,5.260594925,
Thailand,THA,GDP growth (annual %),NY.GDP.MKTP.KD.ZG,7.513390533,0.840132083,7.242796202,2.687495563,0.984468864,3.134047249,3.435157717,4.177681032,4.222870287,2.151656122,-6.19548916,1.533835584,
Tajikistan,TJK,GDP growth (annual %),NY.GDP.MKTP.KD.ZG,6.499999086,7.4000006,7.499999463,7.399999747,6.70000069,6.019303318,6.899260206,7.099894057,7.599278842,7.400652432,4.400049702,9.200190431,
Turkmenistan,TKM,GDP growth (annual %),NY.GDP.MKTP.KD.ZG,9.199999988,14.69999993,11.09999996,10.2000001,10.29999997,6.49999991,6.199999966,6.500000047,6.199999941,6.3,,,
Latin America & the Caribbean (IDA & IBRD countries),TLA,GDP growth (annual %),NY.GDP.MKTP.KD.ZG,6.733812059,4.632624186,2.648271552,2.957514285,1.45287952,0.482684763,-0.159344596,1.981477943,1.738687708,0.727684308,-6.548339687,6.75307636,
Timor-Leste,TLS,GDP growth (annual %),NY.GDP.MKTP.KD.ZG,9.329424057,5.956053788,4.858597922,3.10288057,4.471962123,2.763221773,3.382977353,-3.057649469,-0.690255803,23.51379081,31.91448717,5.29144192,
Middle East & North Africa (IDA & IBRD countries),TMN,GDP growth (annual %),NY.GDP.MKTP.KD.ZG,5.271581125,-1.175964284,3.663671787,0.39513463,2.823288568,0.712411294,5.308474301,3.137915782,1.686352332,1.00590627,-2.714925252,4.671692449,
Tonga,TON,GDP growth (annual %),NY.GDP.MKTP.KD.ZG,0.803490183,6.818276144,0.823102718,0.312307909,2.01870046,1.171888256,6.571000501,3.322432544,0.24122796,0.706483434,0.488645323,-2.667506175,
South Asia (IDA & IBRD),TSA,GDP growth (annual %),NY.GDP.MKTP.KD.ZG,7.468773659,5.110244127,5.467978464,6.033785463,6.938621192,7.33607192,7.682240582,6.527009244,6.334238353,3.835371973,-5.22737398,7.964362173,
Sub-Saharan Africa (IDA & IBRD countries),TSS,GDP growth (annual %),NY.GDP.MKTP.KD.ZG,5.955931724,4.199175913,2.676040661,5.069575112,4.890637424,2.827255249,1.400439537,2.488682149,2.762042591,2.55901056,-2.068856312,4.201410451,
Trinidad and Tobago,TTO,GDP growth (annual %),NY.GDP.MKTP.KD.ZG,3.32322471,-0.294354409,6.610119728,3.843801323,3.322944408,-0.755621962,-6.764439191,-4.706998899,-0.870967846,0.110394047,-7.678331161,-1.026540162,
Tunisia,TUN,GDP growth (annual %),NY.GDP.MKTP.KD.ZG,2.971132751,-2.046633895,4.216677115,2.429930964,3.090328031,0.967496905,1.118015189,2.244345087,2.590366637,1.503427858,-8.621135487,4.322776357,
Turkiye,TUR,GDP growth (annual %),NY.GDP.MKTP.KD.ZG,8.427104323,11.20011058,4.788492711,8.485816997,4.939715161,6.084486904,3.323084208,7.501997489,2.979885258,0.783610198,1.940032245,11.35349641,
Tuvalu,TUV,GDP growth (annual %),NY.GDP.MKTP.KD.ZG,-2.222222222,6.818181818,-2.127659574,4.347826087,0,10.41666667,5.660377358,1.785714286,1.754385965,13.79310345,1.515151515,2.985074627,
Tanzania,TZA,GDP growth (annual %),NY.GDP.MKTP.KD.ZG,6.336523427,7.672155435,4.50015356,6.781585601,6.732461868,6.160628774,6.867116196,6.785680114,5.444967601,5.799999977,1.996343506,4.279084542,
Uganda,UGA,GDP growth (annual %),NY.GDP.MKTP.KD.ZG,5.637611638,9.391655493,3.837455606,3.586905826,5.106307324,5.187859862,4.781000291,3.131405518,6.303923781,6.438745034,2.951306422,3.536580341,
Ukraine,UKR,GDP growth (annual %),NY.GDP.MKTP.KD.ZG,4.092004367,5.44528081,0.152314967,0.045439094,-10.07889498,-9.772987213,2.440981945,2.359972281,3.48836234,3.199503864,-3.7528041,3.4,
Upper middle income,UMC,GDP growth (annual %),NY.GDP.MKTP.KD.ZG,8.419868824,6.922253195,5.917971318,5.575735175,4.724006115,4.305385277,4.230169356,5.231483155,4.942901104,4.091974413,-0.578501261,7.4021227,
Uruguay,URY,GDP growth (annual %),NY.GDP.MKTP.KD.ZG,7.803409666,5.162133029,3.538178707,4.637538641,3.238791217,0.370741265,1.689798164,1.627753973,0.477907184,0.350447153,-6.12147628,4.367009316,
United States,USA,GDP growth (annual %),NY.GDP.MKTP.KD.ZG,2.708856694,1.54989495,2.280687603,1.841875395,2.287775933,2.706369582,1.667472076,2.241921216,2.945384831,2.294439078,-2.767802511,5.945484761,
Uzbekistan,UZB,GDP growth (annual %),NY.GDP.MKTP.KD.ZG,7.597167961,7.525139894,7.102444887,7.29655037,6.873838441,7.218773508,5.9321508,4.395274633,5.354996888,5.709632222,1.886245259,7.420110242,
St. Vincent and the Grenadines,VCT,GDP growth (annual %),NY.GDP.MKTP.KD.ZG,-4.470467935,-0.606276651,1.169112184,2.462484172,1.145755695,2.785223963,4.149565063,1.669364654,3.052342971,0.404010393,-5.31264623,1.352114255,
"Venezuela, RB",VEN,GDP growth (annual %),NY.GDP.MKTP.KD.ZG,-1.488791251,4.176425359,5.625956975,1.343094036,-3.894386475,,,,,,,,
British Virgin Islands,VGB,GDP growth (annual %),NY.GDP.MKTP.KD.ZG,,,,,,,,,,,,,
Virgin Islands (U.S.),VIR,GDP growth (annual %),NY.GDP.MKTP.KD.ZG,0.596383224,-8.204245554,-14.8125,-6.285155295,-1.774530271,-0.425079702,1.600853789,-0.735294118,1.904761905,2.777777778,-2.14700682,,
Vietnam,VNM,GDP growth (annual %),NY.GDP.MKTP.KD.ZG,6.423238217,6.413177689,5.50454562,5.553500245,6.422246656,6.987166724,6.690009213,6.940187782,7.464991257,7.359281,2.865411946,2.561551142,
Vanuatu,VUT,GDP growth (annual %),NY.GDP.MKTP.KD.ZG,1.258867203,3.1398029,1.010047687,0.463390415,3.136867294,0.366522075,4.688756366,6.317305384,2.900230273,3.241187655,-5.396254215,0.449256481,
World,WLD,GDP growth (annual %),NY.GDP.MKTP.KD.ZG,4.540838287,3.310323684,2.70840268,2.807892132,3.090647561,3.077577537,2.805257996,3.38624182,3.286864016,2.591419861,-3.114741981,5.874225293,
Samoa,WSM,GDP growth (annual %),NY.GDP.MKTP.KD.ZG,6.124719923,3.849077947,-3.732130209,0.107293276,0.659923769,3.850361817,7.983862878,1.4062824,-0.609647103,4.451858917,-3.108444011,-7.084587997,
Kosovo,XKX,GDP growth (annual %),NY.GDP.MKTP.KD.ZG,4.939924047,6.319886223,1.712195174,5.340908175,3.348804311,5.916270444,5.571756507,4.825690427,3.406631008,4.756830619,-5.340275302,10.74561161,
"Yemen, Rep.",YEM,GDP growth (annual %),NY.GDP.MKTP.KD.ZG,7.70230704,-12.7148969,2.392990209,4.823519067,-0.188690232,-27.99454625,-9.375123818,-5.071795639,0.752447588,,,,
South Africa,ZAF,GDP growth (annual %),NY.GDP.MKTP.KD.ZG,3.039732881,3.168556279,2.396232385,2.485468008,1.413826452,1.321862237,0.664552308,1.157946952,1.522329387,0.303453235,-6.342471148,4.913096682,
Zambia,ZMB,GDP growth (annual %),NY.GDP.MKTP.KD.ZG,10.29822332,5.564602337,7.597593211,5.05723174,4.697992363,2.920375112,3.776679146,3.504336096,4.034493897,1.441306026,-2.785055065,4.598734039,
Zimbabwe,ZWE,GDP growth (annual %),NY.GDP.MKTP.KD.ZG,21.45206092,14.62020726,15.74487708,3.196730887,1.484542622,2.023649996,0.900955396,4.080263903,5.009866783,-6.332446407,-7.816950647,8.468016898,
